Configuration,%HIT@01,HIT@01,%HIT@05,HIT@05,%HIT@10,HIT@10,Average Method Rank,Average Recall,MRR,Constraints
CONTEXT,0.17725752,53,0.38795987,116,0.5150502,154,148.90816,0.9832776,0.27841797,299
OPERANDS,0.13377926,40,0.2909699,87,0.3846154,115,140.3309,0.91973245,0.2116072,299
